,mindistance,number
Taipei,0.7952258,63
New Taipei,1.0884741,107
Taoyuan,1.1410276,67
Taichung,1.1302404,71
Tainan,1.3074861,48
Kaoshiung,1.214672,57